{"rmse": 2068.845065682345, "mae": 1523.0327518155173, "mape": 0.04683287937332542, "r2": 0.8975810163253446}